{"mean": [1.8416772622039002, 587.4031795085363, 211.28736583840507, 8.42671607629231, 339.70059677603587, 1.8423345311080312, 16.708852808183472, 1.8476664348690168, 898.7033563422067, 131.3506149096257, 165.17014608677457, 1.705953510948164, 881.1140166412354, 7.8525770453861785, 154.3793289956229, 266.209403918893, 12.850276337787083, 1.715858680614064, 1.2750816264416331, 0.7341591130121029, 0.306634525993396, 250.7761321504048, 1.158517798525095, 189.8214646667685, 0.014011322991595288, 1.841662316940512, 3.733054847107269e-05, 587.4035767665318, -0.0040867819649832585, 211.28923292497907, -0.0012158057076590402, 8.42671074420384, 2.4718965802873884e-06, 339.70135830688474, -0.00022485002790178572, 1.8423263525654163, 3.49799392902891e-05], "scale": [1.1368841577369555, 120.64009353738915, 35.98337882018024, 0.11272236038062251, 44.64630979622997, 1.055368664000165, 6.694291004393613, 0.8088415796273714, 92.59120057239318, 47.880383531715324, 15.00511699587575, 0.1040707114772932, 92.85441773619816, 0.05471066004272555, 14.056880453927095, 5.786276664993491, 7.4145925892112325, 0.10415980148040363, 0.07967047873419553, 0.044740394465434236, 0.019266375860279537, 14.86536161945831, 0.24576944699865752, 11.589789548356046, 0.1465095006763856, 0.36206828585591555, 1.6041120353113685, 38.38095373715802, 170.38678207684578, 23.502770992103393, 27.192303876595552, 0.035547526044198176, 0.15944974802469092, 14.13691280847064, 63.265556348650335, 0.3386460696120945, 1.4899477184968664], "var": [1.2925055881132665, 14554.032168710004, 1294.803551316596, 0.012706330529778936, 1993.29297842094, 1.113803016953493, 44.81353205150525, 0.6542247009341012, 8573.130423437142, 2292.531127144156, 225.15353605991933, 0.010830712987390008, 8621.942893128391, 0.0029932563223106856, 197.59588809599762, 33.480997643848205, 54.97618326398613, 0.010849264244437093, 0.006347385181735901, 0.0020017028969226583, 0.00037119323878956204, 220.97897607726418, 0.06040262107802593, 134.32322177518304, 0.02146503378844383, 0.13109344362264097, 2.573175421830781, 1473.0976097738642, 29031.65550650253, 552.3802443072567, 739.4213901171136, 0.0012636266078629478, 0.02542422214513743, 199.85230375430123, 4002.530620104251, 0.11468116046371954, 2.219944203854017], "n_features_in": 37}