{"th95": 0.6646391153335571, "th99": 1.0187077522277832}